"0","library(BiDAG)"
"0","library(Rgraphviz)"
"2","package ‘BiocGenerics’ was built under R version 4.0.5"
"0","library(pcalg)"
"0","library(graph)"
"0","library(bnlearn)"
"0","library(MXM)"
"0","library(sbgcop)"
"0","library(infotheo)"
"0","library(rpcart)"
"0","library(devtools)"
"0","#source_url(""https://raw.githubusercontent.com/cuiruifei/CausalMissingValues/master/R/gaussCItestLocal.R"")"
"0","source_url(""https://raw.githubusercontent.com/cuiruifei/CausalMissingValues/master/R/inferCopulaModel.R"")"
"0","#source_url(""https://raw.githubusercontent.com/cuiruifei/CausalMissingValues/master/R/addMAR.R"")"
